Rank,Vehicle,Driver,Time,PS / KG
1,Porsche 911 GT3 Touring,unknown,0:21.60,510 / 1464
2,Ferrari 296 GTB,unknown,0:21.70,830 / 1621
3,McLaren 765LT Spider,unknown,0:21.80,765 / 1437
4,Corvette Z06 Z07 Package,unknown,0:21.85,679 / 1661
5,McLaren Senna (P15),unknown,0:21.90,800 / 1364
6,Porsche 911 GT2 RS (991),unknown,0:21.90,700 / 1512
7,AMG GT Black Series,unknown,0:21.90,730 / 1637
8,Porsche 911 GT3 RS (992),unknown,0:21.90,525 / 1480
9,Taycan Turbo GT Weissach Pack.,unknown,0:21.90,1108 / 2257
10,Porsche 911 GT3 RS,unknown,0:22.00,520 / 1471
11,Porsche Taycan Turbo GT,unknown,0:22.00,1033 / 2334
12,Porsche 911 GT3 (992),unknown,0:22.10,510 / 1456
13,Porsche 918 Spyder,unknown,0:22.20,887 / 1671
14,McLaren 600LT,unknown,0:22.20,600 / 1404
15,Huracán Performante,unknown,0:22.20,640 / 1562
16,Lamborghini Huracán Evo,unknown,0:22.30,640 / 1620
17,Chevrolet Corvette Z06 (C7),unknown,0:22.30,659 / 1611
18,McLaren 765LT,unknown,0:22.30,765 / 1368
19,Lamborghini Huracán STO,unknown,0:22.30,640 / 1509
20,McLaren 720S,unknown,0:22.30,720 / 1429
21,Porsche 911 Turbo S Cabriolet,unknown,0:22.30,650 / 1722
22,Dodge Viper ACR (Mk V),unknown,0:22.30,654 / 1540
23,Porsche 718 Cayman GT4 RS,unknown,0:22.30,500 / 1449
24,Corvette Grand Sport,unknown,0:22.30,466 / 1583
25,McLaren 675LT,unknown,0:22.40,675 / 1363
26,Porsche 911 Carrera GTS,unknown,0:22.40,540 / 1637
27,Porsche 911 Turbo S (992),unknown,0:22.50,650 / 1650
28,McLaren 750S,unknown,0:22.50,750 / 1430
29,Porsche 911 GT3 Touring (992),unknown,0:22.50,510 / 1480
30,GT 63 S E Performance,unknown,0:22.50,816 / 2168
31,Chevrolet Corvette E-Ray (C8),unknown,0:22.50,664 / 1790
32,Porsche 911 GT3 (991 facelift),unknown,0:22.50,500 / 1477
33,Lamborghini Aventador SVJ,unknown,0:22.50,770 / 1718
34,Lucid Air Sapphire,unknown,0:22.60,1251 / 2419
35,Cadillac CT5-V Blackwing,unknown,0:22.60,677 / 1870
36,Ferrari 488 GTB,unknown,0:22.60,670 / 1547
37,Lamborghini Huracán Tecnica,unknown,0:22.60,640 / 1566
38,Porsche 911 Carrera S (992),unknown,0:22.70,450 / 1553
39,Ford GT (Mk II 656 PS),unknown,0:22.70,656 / 1480
40,Porsche 911 Carrera 4 GTS,unknown,0:22.70,480 / 1613
41,Corvette Z06 Convertible,unknown,0:22.70,679 / 1705
42,Chevrolet Corvette ZR1 (C7),unknown,0:22.70,765 / 1651
43,Corvette Z06 Z07 Package,unknown,0:22.80,512 / 1438
44,Porsche 911 GT3 (991),unknown,0:22.80,476 / 1451
45,Ferrari F8 Tributo,unknown,0:22.80,720 / 1522
46,Mercedes-Benz AMG GT R,unknown,0:22.80,585 / 1637
47,Porsche 911 Carrera S,unknown,0:22.80,480 / 1578
48,Porsche 911 GT3 RS (991),unknown,0:22.90,500 / 1469
49,Porsche 911 GT2 (997),unknown,0:22.90,530 / 1486
50,SRT Viper TA,unknown,0:22.90,649 / 1516
51,Camaro SS 1LE Package,unknown,0:22.90,461 / 1703
52,Porsche 911 Turbo S,unknown,0:22.90,580 / 1604
53,Porsche Panamera Turbo S,unknown,0:22.90,630 / 2124
54,Porsche 911 Turbo S (991),unknown,0:22.90,560 / 1606
55,Nissan GT-R Nismo (R35),unknown,0:22.90,600 / 1748
56,Lamborghini Huracán LP 610-4,unknown,0:23.00,610 / 1548
57,Camaro ZL1 1LE Package,unknown,0:23.00,659 / 1748
58,Nissan GT-R (R35 550 PS),unknown,0:23.00,550 / 1767
59,Chevrolet Corvette ZR1 (C6),unknown,0:23.00,647 / 1524
60,McLaren 570S,unknown,0:23.00,570 / 1449
61,Chevrolet Camaro ZL1 (Mk VI),unknown,0:23.00,659 / 1771
62,911 Carrera GTS Cabriolet,unknown,0:23.00,540 / 1704
63,Porsche 718 Spyder,unknown,0:23.00,420 / 1435
64,Mercedes-Benz AMG GT 63 S,unknown,0:23.10,639 / 2113
65,Chevrolet Corvette Z06 (C6),unknown,0:23.10,512 / 1451
66,SLS AMG Black Series,unknown,0:23.10,631 / 1646
67,Lamborghini Urus Performante,unknown,0:23.10,666 / 2222
68,Porsche 718 Cayman GT4 (982),unknown,0:23.10,420 / 1452
69,Porsche 718 Boxster S,unknown,0:23.10,350 / 1418
70,McLaren 650 S Spider,unknown,0:23.10,650 / 1487
71,Porsche 911 Carrera S,unknown,0:23.10,420 / 1495
72,Porsche 911 Carrera 4S (992),unknown,0:23.10,450 / 1573
73,Ford Shelby Mustang GT350R,unknown,0:23.10,533 / 1675
74,SRT Viper GTS,unknown,0:23.10,649 / 1560
75,Aventador LP750-4 SV,unknown,0:23.10,750 / 1735
76,Porsche 911 Turbo Cabriolet,unknown,0:23.10,540 / 1674
77,Porsche 911 GT2 RS (997),unknown,0:23.20,620 / 1410
78,SRT Viper,unknown,0:23.20,649 / 1509
79,Porsche 911 Turbo S,unknown,0:23.20,530 / 1593
80,McLaren MP4-12C,unknown,0:23.20,600 / 1457
81,Tesla Model S Plaid,unknown,0:23.20,1020 / 2197
82,BMW M5 CS,unknown,0:23.20,635 / 1851
83,Maserati MC20 Cielo,unknown,0:23.20,630 / 1687
84,Honda NSX (Mk II),unknown,0:23.20,581 / 1769
85,Callaway Corvette SC627,unknown,0:23.20,636 / 1604
86,Mercedes-Benz AMG GT S,unknown,0:23.20,510 / 1653
87,BMW M2 (G87),unknown,0:23.20,459 / 1715
88,McLaren 570GT,unknown,0:23.20,570 / 1496
89,Porsche 718 Cayman GTS 4.0,unknown,0:23.20,400 / 1436
90,Audi R8 V10 Plus (Mk II),unknown,0:23.20,610 / 1643
91,Acura NSX Type S (Mk II),unknown,0:23.20,608 / 1738
92,Jaguar XE SV Project 8,unknown,0:23.20,600 / 1801
93,Porsche Cayenne Turbo GT,unknown,0:23.20,640 / 2247
94,Chevrolet Corvette Stingray,unknown,0:23.30,502 / 1643
95,GT 63 S E Performance,unknown,0:23.30,843 / 2370
96,Nissan GT-R (R35 530 PS),unknown,0:23.30,530 / 1767
97,Porsche 911 Carrera (992),unknown,0:23.30,385 / 1512
98,Lamborghini Aventador LP700-4,unknown,0:23.30,700 / 1785
99,Saleen S7 Twin Turbo,unknown,0:23.30,760 / 1298
100,Mosler MT900S Photon,unknown,0:23.30,441 / 973
101,Ferrari 812 Superfast,unknown,0:23.30,800 / 1728
102,BMW M4 GTS (F82),unknown,0:23.30,500 / 1604
103,BMW M5 (F90),unknown,0:23.30,600 / 1921
104,Aston Martin Vantage,unknown,0:23.30,665 / 1717
105,BMW M3 Competition xDrive,unknown,0:23.30,510 / 1776
106,Mercedes-AMG SL 55,unknown,0:23.30,476 / 1941
107,BMW M8 Competition (G15),unknown,0:23.30,625 / 1898
108,Porsche 911 Carrera GTS (992),unknown,0:23.30,480 / 1542
109,Porsche Cayenne GTS,unknown,0:23.30,500 / 2252
110,Aston Martin Vanquish (Mk III),unknown,0:23.30,835 / 1923
111,Audi E-Tron GT RS Performance,unknown,0:23.30,925 / 2353
112,BMW M4 (G82),unknown,0:23.40,480 / 1682
113,Audi RS 3 Limousine (8Y),unknown,0:23.40,400 / 1611
114,Porsche 911 GT3 RS,unknown,0:23.40,450 / 1404
115,Lexus LFA,unknown,0:23.40,560 / 1586
116,Mercedes-AMG GT 63 Coupe,unknown,0:23.40,585 / 1931
117,BMW M4 CS (G82 facelift),unknown,0:23.40,550 / 1754
118,BMW M2 (G87 480 PS),unknown,0:23.40,480 / 1724
119,Chevrolet Corvette Stingray,unknown,0:23.50,461 / 1566
120,McLaren 620R,unknown,0:23.50,620 / 1428
121,Audi R8 V10 Performance,unknown,0:23.50,620 / 1652
122,Porsche 911 Turbo,unknown,0:23.50,500 / 1615
123,Lamborghini Urus,unknown,0:23.50,650 / 2263
124,Porsche Cayman GT4 (981),Motortrend,0:23.50,385 / 1367
125,Ford Mustang Shelby GT500,unknown,0:23.50,771 / 1877
126,Audi R8 V10 5.2 FSI Plus,unknown,0:23.50,550 / 1658
127,Panamera 4S E-Hybrid Sport Tu.,unknown,0:23.50,560 / 2342
128,Chevrolet Camaro Z/28,unknown,0:23.60,507 / 1702
129,Ferrari 458 Italia,unknown,0:23.60,570 / 1534
130,Ford Mustang GT PP2,unknown,0:23.60,466 / 1735
131,Aston Martin DBS Superleggera,unknown,0:23.60,725 / 1849
132,Dodge Viper SRT-10 ACR,unknown,0:23.60,608 / 1544
133,Porsche Cayenne S,unknown,0:23.60,474 / 2259
134,Porsche Taycan Turbo S,unknown,0:23.60,760 / 2355
135,Mercedes-AMG SL 63,unknown,0:23.60,585 / 1924
136,Panamera Sport Turismo Turbo S,unknown,0:23.60,630 / 2187
137,Porsche Taycan GTS,unknown,0:23.60,598 / 2339
138,Ford Shelby Mustang GT350,unknown,0:23.60,533 / 1724
139,Nissan GT-R (R35 570PS),unknown,0:23.60,570 / 1777
140,Porsche 718 Boxster GTS 4.0,unknown,0:23.60,400 / 1432
141,Porsche Taycan 4S PBP,unknown,0:23.60,570 / 2314
142,Lotus Evora GT,unknown,0:23.60,422 / 1417
143,E 63 AMG S 4Matic+,unknown,0:23.60,612 / 2044
144,Porsche 911 Targa 4 GTS (2017),unknown,0:23.60,450 / 1640
145,BMW M4 CSL,unknown,0:23.70,551 / 1619
146,Chevrolet Corvette Grand Sport,unknown,0:23.70,436 / 1535
147,Porsche Panamera Turbo,unknown,0:23.70,520 / 2021
148,Audi R8 V10 5.2 FSI (Mk I),unknown,0:23.70,525 / 1671
149,Porsche 718 Cayman S,unknown,0:23.70,350 / 1426
150,911 Carrera S Cabriolet,unknown,0:23.70,400 / 1535
151,Audi R8 V10 Spyder (Mk II),unknown,0:23.70,540 / 1744
152,Cadillac ATS-V,unknown,0:23.70,470 / 1729
153,Jaguar XKR-S GT,Carlos Lago,0:23.70,550 / 1804
154,BMW M2 CS (F87),unknown,0:23.70,450 / 1584
155,Porsche 718 Cayman,unknown,0:23.70,300 / 1408
156,Ford Mustang Dark Horse (S650),unknown,0:23.70,507 / 1803
157,Nissan GT-R (R35),unknown,0:23.70,480 / 1766
158,Audi RS3 Sedan (8Y Facelift),unknown,0:23.70,401 / 1611
159,Alpina B8 Gran Coupe,unknown,0:23.70,621 / 2126
160,Audi TT RS Coupe (Mk III),unknown,0:23.70,400 / 1481
161,Toyota Supra (Mk V 387 PS),unknown,0:23.70,387 / 1523
162,Porsche Panamera GTS,unknown,0:23.70,480 / 2106
163,Ford Mustang Mach 1,unknown,0:23.70,487 / 1727
164,Porsche 911 Carrera,unknown,0:23.70,370 / 1473
165,BMW X6 M (F96 facelift),unknown,0:23.80,626 / 2408
166,EQE 53 Dynamic Plus,unknown,0:23.80,687 / 2533
167,Porsche 911 Targa 4S,unknown,0:23.80,420 / 1667
168,BMW M5 Touring (G99),unknown,0:23.80,727 / 2484
169,Porsche Carrera GT,unknown,0:23.80,612 / 1438
170,Corvette C7 Stingray Converti.,unknown,0:23.80,456 / 1544
171,Cadillac CT4-V Blackwing,unknown,0:23.80,479 / 1757
172,Audi RS5 (9T),unknown,0:23.80,450 / 1738
173,BMW M3 Competition,unknown,0:23.80,510 / 1725
174,Porsche Cayman GTS (981),unknown,0:23.80,340 / 1396
175,Audi R8 V10 Performance RWD,unknown,0:23.80,570 / 1632
176,Bentley Continental GT,unknown,0:23.80,635 / 2275
177,Chevrolet Camaro SS (Mk VI),unknown,0:23.90,453 / 1696
178,Porsche Panamera Turbo (Mk II),unknown,0:23.90,550 / 2085
179,Porsche Cayenne Turbo (Mk III),unknown,0:23.90,550 / 2262
180,Porsche 911 Carrera 4S (991),unknown,0:23.90,400 / 1523
181,Aston Martin DB11,unknown,0:23.90,608 / 1900
182,Lamborghini Gallardo LP560-4,unknown,0:23.90,560 / 1562
183,Mercedes-Benz SLS AMG GT,unknown,0:23.90,591 / 1683
184,BMW XM Label Red,unknown,0:23.90,748 / 2737
185,Audi R8 GT (Mk I),unknown,0:23.90,560 / 1563
186,SL 63 AMG Performance Package,unknown,0:23.90,564 / 1854
187,Chevrolet Camaro ZL1,unknown,0:23.90,588 / 1853
188,Porsche Macan EV Turbo,unknown,0:23.90,639 / 2439
189,Nissan Z Nismo (RZ34),unknown,0:23.90,426 / 1662
190,Porsche 911 GT3 RS (997),unknown,0:23.90,415 / 1416
191,Lamborghini Murcielago LP640,unknown,0:23.90,640 / 1820
192,Dodge Viper SRT-10 Roadster,unknown,0:23.90,517 / 1572
193,Cadillac ATS-V Coupe,unknown,0:23.90,470 / 1706
194,Aston Martin V12 Vantage S,Carlos Lago,0:23.90,573 / 1682
195,BMW i5 M60 xDrive (G60),unknown,0:23.90,601 / 2381
196,Porsche Taycan 4S (facelift),unknown,0:23.90,543 / 2244
197,Toyota Supra (Mk V 340 PS),unknown,0:23.90,340 / 1517
198,Ford Mustang GT,unknown,0:23.90,466 / 1738
199,CLS 63 AMG S-Model,unknown,0:23.90,585 / 1934
200,Lotus Emira 3.5 (V6),unknown,0:24.00,406 / 1484
201,Aston Martin Vantage (Mk II),unknown,0:24.00,510 / 1713
202,Ford Mustang Shelby GT500,unknown,0:24.00,558 / 1724
203,Porsche Panamera 4S (Mk II),unknown,0:24.00,440 / 2025
204,Audi RS Q8,unknown,0:24.00,600 / 2419
205,BMW M850i (G15),unknown,0:24.00,530 / 1980
206,Porsche 911 GT3 (997 facelift),unknown,0:24.00,435 / 1447
207,Jaguar F-Type V8 S,unknown,0:24.00,495 / 1780
208,Mercedes-Benz SLS AMG,unknown,0:24.00,571 / 1683
209,Audi R8 4.2 FSI Spyder (Mk I),unknown,0:24.00,430 / 1719
210,BMW Z4 M40i (G29 / US-Spec),unknown,0:24.00,387 / 1599
211,Jaguar F-Type SVR,unknown,0:24.00,575 / 1814
212,BMW M3 (F80),unknown,0:24.00,431 / 1612
213,Alfa Romeo Giulia QV,unknown,0:24.00,510 / 1704
214,BMW M2 (F87),unknown,0:24.00,370 / 1560
215,Jaguar F-Type R Coupe,unknown,0:24.00,550 / 1665
216,Porsche 911 Carrera S Cabrio,unknown,0:24.00,385 / 1580
217,Bentley Continental GT V8,unknown,0:24.10,550 / 2210